customer_id,churn
15782993,1
15640442,0
15606003,0
15672374,1
15630725,0
15812338,0
15622470,0
15690021,1
15777855,0
15577985,0
15619340,0
15683522,0
15594556,0
15708534,1
15733872,0
15572767,0
15594409,0
15573309,0
15595592,0
15604588,0
15749345,0
15792668,0
15654878,0
15664668,0
15598744,0
15625904,0
15697311,1
15681081,1
15644796,0
15617877,0
15709396,0
15767432,1
15703979,0
15570060,0
15579074,1
15590199,0
15772337,0
15787151,0
15794356,0
15752626,1
15659736,0
15795166,0
15569526,0
15576162,0
15592937,1
15812920,0
15744517,0
15618171,0
15611961,0
15703354,1
15590966,0
15700353,0
15615931,0
15807120,0
15714087,0
15646513,0
15726490,0
15572428,0
15607753,0
15736397,0
15690731,1
15612505,0
15628824,1
15780056,1
15814405,0
15691792,0
15641582,1
15773273,0
15619360,0
15613097,0
15774151,0
15815095,0
15566543,1
15613816,0
15699830,1
15643426,0
15718242,0
15595447,0
15612092,0
15662243,0
15682600,0
15803032,0
15769783,1
15769522,0
15779973,0
15681550,0
15680112,0
15715078,1
15723153,1
15605965,0
15644103,1
15694237,0
15757015,1
15600399,0
15765650,0
15642821,0
15600813,0
15782089,0
15765415,0
15806049,0
15684921,1
15614929,0
15668853,0
15812918,0
15696834,0
15565714,1
15594450,0
15788536,0
15598088,0
15749114,1
15794236,0
15766667,0
15786418,0
15716328,0
15776156,0
15622834,0
15668893,0
15677382,1
15680970,0
15702277,1
15640258,0
15677550,1
15613945,0
15640377,0
15750867,0
15734085,1
15727915,0
15767908,0
15608804,0
15724944,0
15668818,1
15629390,0
15606232,0
15808228,0
15749693,1
15656901,0
15796764,1
15814750,1
15605020,0
15698117,0
15698510,0
15698349,0
15748995,0
15753549,0
15723717,0
15766355,0
15665008,0
15662976,0
15604813,0
15621140,0
15783659,0
15747345,0
15682563,0
15798200,0
15788151,0
15805884,0
15783477,0
15607065,0
15735358,1
15611088,0
15584749,0
15751158,0
15808784,0
15798398,0
15762762,0
15720713,0
15800961,0
15617320,0
15678427,0
15597949,0
15579777,0
15753370,0
15737506,0
15648075,0
15679145,0
15664543,0
15578878,1
15801821,1
15649744,0
15625905,0
15769516,0
15772798,0
15571973,0
15715796,0
15790782,0
15606274,1
15622774,0
15754053,0
15806570,0
15789379,0
15697000,0
15721835,1
15762984,0
15787693,0
15571281,0
15700511,0
15620577,0
15589230,0
15781409,1
15757952,0
15648638,0
15778025,0
15807595,0
15791674,0
15772604,0
15721377,0
15804937,0
15695356,0
15575679,1
15572291,0
15714920,0
15756475,0
15621432,0
15761775,1
15680998,0
15696047,0
15731829,0
15595991,0
15723658,0
15664504,0
15603794,1
15666032,0
15718531,0
15614847,0
15773283,0
15682868,1
15699524,0
15651450,0
15594827,1
15697095,1
15700696,0
15641359,1
15601627,0
15624423,0
15800268,0
15570932,0
15780432,0
15655082,0
15808960,0
15777315,0
15607827,1
15661275,0
15601012,0
15729489,0
15685500,0
15576676,0
15694628,0
15697283,1
15603328,1
15601026,0
15792107,0
15727408,0
15662397,0
15755798,0
15777772,0
15811261,0
15712813,0
15700366,0
15740458,1
15640917,0
15802274,0
15718843,0
15782096,0
15792176,0
15790846,0
15745623,0
15771636,0
15730590,0
15689237,0
15731166,0
15732020,0
15653147,0
15654959,0
15579334,0
15783007,0
15709459,0
15619857,0
15732884,0
15758750,1
15720745,1
15666823,0
15650424,0
15734365,0
15789874,0
15629078,1
15584452,1
15692106,0
15750803,0
15792818,0
15666200,0
15615322,0
15603582,0
15728823,1
15631305,0
15632551,0
15694376,0
15603221,0
15579287,0
15592230,0
15624695,1
15783615,0
15635256,0
15593976,0
15598695,0
15701037,0
15778489,1
15676519,0
15641850,1
15809830,0
15706394,0
15771540,0
15656148,1
15602124,0
15791172,0
15767488,0
15764537,0
15720637,0
15665378,0
15633818,1
15683416,0
15759038,0
15611287,0
15613471,0
15605264,0
15732437,0
15808044,0
15698442,1
15576714,0
15662189,0
15599131,0
15570859,0
15634310,1
15611058,0
15705301,1
15775949,0
15585455,1
15601787,0
15797246,0
15659149,0
15750407,0
15708265,0
15679651,0
15585595,0
15766172,0
15682890,0
15703820,0
15716800,0
15790448,0
15663826,1
15571869,0
15618245,0
15674637,0
15792250,0
15600027,0
15784092,0
15700946,0
15806918,1
15715744,0
15748116,1
15590078,1
15583849,0
15806284,0
15733768,0
15807194,1
15674880,0
15734491,0
15686611,0
15691875,0
15697801,0
15588918,0
15684484,0
15694890,1
15590810,1
15793042,0
15684669,0
15680405,0
15735688,0
15684861,0
15693683,0
15690898,0
15730150,1
15723105,1
15810485,0
15801942,1
15732448,0
15571958,0
15606552,0
15586699,1
15691703,0
15737782,0
15686917,0
15812071,0
15734005,0
15749093,0
15710543,1
15600708,0
15576185,0
15709523,0
15610379,1
15602551,0
15664793,0
15673837,0
15622003,0
15801411,1
15669606,0
15630413,0
15697574,0
15571917,0
15616630,0
15745375,1
15729110,0
15699257,0
15800482,0
15567834,0
15653455,0
15653275,1
15692226,0
15812356,0
15579112,0
15716357,0
15807163,0
15611579,0
15594902,0
15726791,0
15808662,0
15777639,0
15660809,1
15789865,0
15654341,0
15625675,1
15570931,1
15635776,0
15664555,0
15616471,0
15655229,0
15701175,0
15762392,0
15737385,1
15607577,1
15665087,0
15570857,0
15709136,1
15798964,0
15607509,0
15640454,1
15726167,0
15775886,1
15774847,0
15794874,1
15657809,0
15687001,0
15770539,0
15689344,0
15616676,0
15700325,0
15679693,0
15674840,1
15797595,1
15586870,0
15642063,0
15746970,0
15662426,0
15749300,0
15707567,0
15782475,0
15737741,0
15627801,0
15754177,0
15679024,0
15606472,0
15735330,0
15675964,0
15811762,0
15743076,0
15616029,0
15679283,0
15630910,0
15792916,0
15593331,0
15784010,0
15751177,0
15764448,0
15653762,0
15809772,0
15624397,0
15587394,0
15672594,1
15764405,0
15727041,0
15771668,1
15749964,0
15773520,1
15644297,0
15804864,0
15813067,0
15786852,0
15679410,0
15693732,0
15720083,0
15700714,0
15601324,0
15757759,1
15598266,0
15670738,0
15743538,0
15574122,1
15756118,0
15608701,1
15745399,1
15793324,0
15786035,1
15594305,1
15757916,1
15799350,0
15773973,0
15622192,1
15610271,0
15777599,0
15717065,0
15708916,0
15726556,0
15794345,1
15806922,0
15729412,0
15754999,0
15620268,0
15566708,0
15643359,1
15675888,0
15663830,0
15622658,0
15654074,0
15658987,1
15712777,0
15689168,0
15676810,0
15662662,0
15677020,0
15581295,0
15585036,0
15743582,0
15680706,0
15578546,0
15707696,1
15747174,1
15767781,0
15732265,1
15716984,0
15762218,0
15612050,1
15694644,1
15709920,0
15787168,0
15609510,0
15755521,0
15667458,1
15578462,0
15802478,0
15755084,0
15600583,0
15702631,0
15682773,0
15632263,0
15591986,0
15595388,1
15759690,0
15585067,0
15586522,0
15650351,0
15654106,1
15599268,0
15611186,0
15732644,0
15678571,0
15739997,0
15743040,0
15715184,0
15756804,1
15746737,0
15645184,0
15787255,0
15641575,0
15626578,0
15658589,0
15762110,0
15809124,0
15678916,0
15566312,0
15714680,0
15618213,0
15576094,0
15605000,0
15708003,0
15778830,0
15684592,1
15601045,0
15572706,0
15653037,1
15567333,0
15600934,0
15663164,0
15793813,1
15762123,0
15812594,0
15793491,0
15605534,0
15652626,0
15749679,0
15699532,0
15645463,0
15600879,0
15625395,0
15697034,1
15698522,0
15805429,0
15589195,0
15750769,0
15646366,1
15575605,0
15687477,1
15632345,0
15578825,0
15682070,0
15731890,0
15688849,0
15695932,0
15627298,0
15689268,0
15774393,0
15603594,0
15722813,0
15623791,0
15570417,0
15743759,0
15797276,0
15787459,0
15620204,0
15627305,0
15641715,0
15664734,0
15635500,0
15646756,1
15748947,0
15566380,1
15680278,1
15662152,0
15791326,1
15636454,0
15809817,0
15703199,0
15631054,0
15742126,0
15630551,0
15623314,1
15665221,1
15797960,0
15612615,0
15778320,0
15730810,0
15668385,0
15634772,1
15653784,1
15579826,0
15641835,0
15719940,0
15772073,0
15730488,0
15762091,1
15691950,1
15719170,0
15786643,0
15794560,0
15756321,1
15751561,0
15678497,0
15584477,0
15570601,0
15749583,1
15760521,0
15720050,0
15587640,1
15694860,0
15806081,0
15742229,0
15783865,0
15683560,0
15768367,0
15736420,1
15696674,0
15608338,1
15576641,0
15709780,0
15696361,0
15790489,0
15786539,0
15614520,0
15757559,0
15689201,0
15726403,1
15699309,0
15772262,0
15633233,0
15603436,1
15585985,0
15658889,1
15587233,0
15612627,0
15742210,0
15572792,0
15612193,0
15732778,0
15633870,0
15625592,1
15774382,0
15669301,0
15626710,0
15609458,0
15643024,0
15652401,0
15623730,0
15611699,0
15746333,0
15734438,0
15632324,0
15585490,0
15715750,0
15634719,1
15745843,0
15674573,0
15741180,0
15567446,0
15666163,0
15814468,0
15796617,0
15770543,0
15601263,0
15730830,0
15714046,0
15611409,0
15609735,1
15612139,0
15626898,0
15709252,0
15769586,0
15774164,1
15637315,0
15809823,0
15652835,0
15619616,0
15709487,0
15668774,0
15654025,0
15683124,0
15719294,0
15736154,0
15650442,1
15580914,1
15586821,0
15600337,0
15791769,0
15756299,0
15716781,0
15711921,0
15712596,1
15592765,0
15672640,1
15703059,0
15565796,0
15690372,0
15689328,0
15715047,0
15683118,1
15604891,0
15738063,0
15679075,0
15623277,0
15642448,0
15675316,0
15775888,0
15579433,0
15653547,0
15595766,1
15639217,1
15578374,0
15747878,0
15750497,0
15814092,0
15752846,0
15658409,0
15799479,0
15737051,0
15630349,0
15670528,0
15771728,1
15713770,0
15813850,0
15645835,0
15791700,0
15731026,0
15583303,0
15686974,0
15632848,1
15642710,0
15667871,1
15580953,0
15627484,1
15590676,0
15674811,0
15751180,0
15785705,1
15740104,1
15684696,0
15753831,0
15709441,0
15633181,0
15723013,0
15730738,0
15603764,0
15592386,0
15806230,0
15605916,0
15721189,0
15587038,0
15611729,0
15720636,0
15624641,0
15609704,0
15623560,0
15656921,0
15582168,0
15635240,0
15660147,0
15678146,0
15815534,0
15639314,0
15768219,0
15677522,0
15723263,0
15665678,0
15710316,0
15755178,1
15636330,0
15626212,0
15696054,0
15656029,0
15675896,0
15808386,0
15613085,0
15759555,0
15657306,0
15581811,0
15656710,1
15754105,0
15755722,0
15730448,1
15790717,0
15810716,1
15745354,0
15608588,0
15674671,0
15789974,1
15703037,1
15577587,1
15635285,0
15708791,0
15799652,0
15667521,0
15626475,0
15616954,0
15645904,0
15797065,1
15772421,0
15756625,0
15732113,1
15770121,0
15686436,0
15581280,0
15607690,0
15575185,0
15600975,0
15785485,0
15584453,0
15606641,1
15798615,0
15716085,0
15740868,1
15807609,1
15673907,1
15600739,0
15590730,0
15616929,0
15666884,0
15681476,0
15697310,0
15648858,0
15748616,0
15794841,0
15773639,0
15637891,0
15611331,0
15566111,0
15573456,0
15760570,0
15737452,0
15740428,0
15751943,1
15630920,1
15572461,0
15655389,1
15608109,0
15616700,0
15765461,1
15734588,0
15571778,0
15760825,0
15664035,1
15673747,0
15649150,0
15670552,0
15670859,0
15757912,1
15651664,0
15673971,1
15801701,0
15680201,1
15578648,0
15757981,1
15691287,0
15710366,0
15687218,0
15627377,1
15772632,0
15669282,0
15658475,1
15592123,0
15613786,1
15680772,1
15677117,0
15582903,1
15801351,0
15777743,0
15651900,1
15625311,0
15792679,0
15651001,0
15732917,0
15776743,0
15724402,0
15729804,0
15642041,0
15664897,0
15712772,0
15769356,0
15611669,0
15733597,1
15684358,0
15708256,0
15801265,0
15627848,0
15628144,0
15588341,0
15659234,0
15636700,0
15585599,0
15699492,1
15610643,0
15785042,0
15636238,0
15677141,0
15584364,0
15801247,0
15650454,0
15755241,1
15614054,0
15619932,0
15566494,0
15677921,0
15752694,1
15569867,0
15604497,0
15701200,0
15805627,0
15621457,0
15630113,0
15787051,0
15813504,0
15705448,0
15791972,0
15757632,0
15747807,0
15721487,0
15617982,0
15811842,0
15804853,0
15805104,0
15571550,0
15786469,0
15664720,0
15607170,0
15661433,0
15646372,1
15663194,0
15637118,0
15785519,0
15598700,0
15679968,0
15814032,0
15718912,0
15684908,1
15781505,0
15792180,0
15757568,1
15732672,0
15747960,0
15596972,0
15626322,1
15615456,1
15688973,0
15720649,0
15752097,0
15598157,1
15629793,1
15598097,0
15625713,0
15675190,0
15707681,0
15626679,0
15659100,0
15775703,0
15596339,0
15766869,0
15634373,0
15637593,0
15623107,1
15714355,0
15713479,0
15654891,0
15630580,0
15671917,0
15672798,0
15610403,0
15642248,0
15772528,0
15592222,0
15776223,1
15703541,0
15677785,1
15593897,0
15677939,1
15636812,0
15724269,0
15781451,0
15578722,1
15804142,0
15728010,0
15624677,0
15731267,0
15764226,1
15679760,0
15696120,1
15621653,0
15706464,0
15663168,1
15645103,0
15648069,0
15623647,0
15598086,1
15640855,0
15712483,0
15743293,0
15764866,0
15681991,0
15704160,0
15706899,0
15785488,0
15712930,0
15764153,1
15664808,0
15646969,0
15656188,0
15692664,0
15707473,1
15627876,0
15736769,1
15615219,0
15587311,0
15615050,0
15813862,0
15716347,0
15682928,0
15595917,0
15761713,0
15583857,1
15715638,0
15702416,0
15654975,0
15689671,0
15586752,0
15776936,0
15702541,0
15785339,0
15759717,0
15701537,1
15795370,1
15765375,0
15726103,0
15634143,0
15668521,0
15589715,0
15573893,0
15639662,0
15775153,0
15597951,0
15698732,0
15670080,0
15742009,0
15598940,0
15641110,0
15596175,0
15587266,0
15808283,1
15779522,0
15635775,0
15764892,0
15692761,0
15796179,0
15673481,0
15623450,0
15727811,0
15733361,0
15700854,0
15632446,0
15574879,0
15745201,0
15569670,0
15571193,0
15625623,0
15626383,1
15627185,1
15626044,1
15577359,0
15745844,0
15754112,0
15594404,0
15652999,0
15577107,0
15671514,0
15770984,0
15756848,0
15626474,0
15567486,0
15771417,0
15751531,0
15787196,0
15628007,0
15758482,0
15655274,1
15694129,0
15589435,0
15645543,0
15715673,0
15651868,1
15792029,0
15807563,1
15703544,1
15703264,0
15626144,0
15795759,1
15580493,1
15745088,0
15742848,1
15674000,0
15609913,0
15769402,1
15734987,0
15581871,0
15815295,0
15566467,0
15636626,0
15711540,0
15574119,0
15610557,0
15646566,0
15682686,0
15676576,0
15603135,0
15785559,0
15737025,0
15814816,0
15673619,0
15802351,0
15718673,0
15568088,0
15715920,1
15635660,1
15740237,0
15642636,0
15682273,0
15615207,0
15624186,0
15768244,0
15712608,0
15745431,0
15790630,0
15684348,0
15574830,0
15727251,0
15744044,0
15596228,0
15790744,0
15661219,1
15696175,0
15657937,0
15765857,0
15605263,0
15773809,0
15764708,1
15721779,0
15804201,0
15812518,0
15766288,0
15721462,0
15645839,0
15645316,0
15760774,0
15746515,1
15787907,1
15580872,0
15693752,0
15759751,0
15645778,0
15589329,0
15753092,1
15604732,0
15714380,0
15768201,0
15617065,1
15796413,0
15613749,0
15771483,1
15712403,1
15803681,1
15685536,1
15750658,1
15617134,0
15719508,0
15567437,0
15739548,0
15646091,0
15566495,0
15727197,1
15759034,0
15677739,0
15664547,0
15808689,0
15785170,0
15625698,0
15737647,1
15760063,1
15697948,0
15621768,0
15758136,0
15708228,0
15654457,0
15724620,0
15725028,0
15623219,1
15601387,0
15575510,1
15610446,0
15633866,0
15702434,1
15790412,1
15711251,0
15635116,1
15644896,0
15597109,0
15632365,0
15681755,0
15590993,0
15666095,0
15736413,0
15588219,0
15596074,1
15781530,0
15769353,0
15590337,0
15707441,0
15733460,0
15608688,0
15731815,0
15654183,1
15771750,0
15698932,0
15658435,0
15679928,0
15785831,1
15684319,1
15783629,0
15578045,0
15621004,0
15704657,0
15777830,0
15677796,0
15572547,1
15749947,0
15737173,0
15713949,0
15651369,0
15659175,0
15800233,0
15733138,1
15636428,0
15765257,0
15585892,0
15752622,1
15796334,0
15775761,0
15641640,0
15713559,0
15603247,0
15799785,0
15608344,0
15680736,0
15726631,1
15613292,0
15627232,0
15613216,0
15718765,0
15775295,0
15691111,0
15814237,0
15626612,0
15647008,0
15718247,1
15727467,0
15672467,0
15731744,0
15769902,0
15809777,0
15760450,0
15664737,1
15643908,0
15661626,1
15650924,0
15656249,0
15566292,0
15718465,0
15612670,1
15635893,0
15666982,0
15566139,0
15712199,0
15787258,0
15760121,1
15655339,0
15635388,0
15577695,0
15647306,0
15617301,0
15711316,0
15660840,0
15678058,0
15656937,0
15814116,1
15605059,0
15602354,0
15638983,0
15593795,0
15780140,0
15671930,0
15601417,1
15722692,0
15742824,0
15569595,0
15591279,0
15790958,0
15761886,0
15568878,0
15652615,0
15638272,0
15797692,0
15707637,0
15660422,0
15789097,0
15787699,1
15627881,0
15607598,0
15748360,0
15794849,0
15665861,0
15706186,0
15650026,0
15669169,0
15641009,0
15633546,0
15799710,1
15568164,0
15625916,0
15646161,0
15791535,0
15578603,0
15727281,0
15672598,0
15672970,0
15611644,0
15587133,0
15752857,0
15609669,0
15566689,1
15743498,0
15672432,0
15653620,0
15795640,0
15773421,0
15714642,1
15768471,0
15726289,0
15709604,0
15784286,0
15799217,0
15692463,0
15603319,0
15631339,0
15728012,0
15608381,1
15706762,0
15807728,0
15585777,0
15693326,1
15686255,0
15607560,0
15742204,0
15642093,0
15579183,0
15637829,0
15582960,0
15624451,0
15691483,0
15584928,0
15568360,1
15751057,0
15751392,1
15759537,0
15579207,0
15702464,1
15786063,0
15694765,1
15621685,0
15783338,0
15814004,0
15694272,1
15815428,1
15653937,1
15582180,0
15782758,1
15780359,1
15686812,0
15744983,1
15804009,0
15571002,0
15724663,0
15737521,1
15697214,1
15572021,1
15589975,0
15726466,0
15777352,0
15730657,0
15719649,0
15714658,0
15714240,0
15699637,0
15684512,0
15748696,1
15627042,0
15594898,0
15642022,0
15614934,0
15647782,0
15808971,0
15715079,0
15684367,0
15749050,0
15634281,1
15575438,0
15807768,0
15697201,0
15678720,0
15623668,0
15682048,0
15669987,0
15597945,0
15632210,0
15679531,0
15707362,0
15689351,0
15677828,0
15724863,0
15710527,0
15586425,0
15763063,0
15638003,0
15640418,1
15577078,0
15757931,1
15738181,0
15636820,0
15712903,1
15718064,0
15613854,1
15783029,1
15713843,1
15767954,0
15692408,0
15734312,1
15719856,1
15762455,0
15718588,0
15681562,0
15693764,0
15647311,0
15755642,1
15790247,0
15806688,0
15711572,0
15732987,0
15815259,0
15643042,0
15594917,0
15797227,0
15812324,0
15570485,0
15642544,0
15583462,0
15598162,0
15603035,0
15754443,0
15601569,0
15737509,1
15707110,0
15753719,0
15776229,0
15581736,0
15705512,0
15567893,1
15586029,0
15763874,0
15627195,1
15602844,0
15763055,0
15713463,0
15600258,0
15631756,1
15727696,0
15713532,0
15573171,0
15627854,1
15628034,0
15704340,0
15629846,0
15623828,0
15601184,0
15796480,0
15793478,0
15749951,0
15690332,0
15620000,0
15648721,0
15711716,0
15701160,1
15678374,1
15584532,0
15643696,0
15762605,0
15775880,0
15632079,0
15737795,0
15625501,0
15741417,0
15662758,0
15668580,0
15596011,0
15748068,0
15664521,0
15606836,0
15658486,0
15814430,0
15667742,1
15794493,0
15711219,1
15618750,0
15724127,0
15757521,0
15775663,1
15717426,0
15656322,0
15690733,1
15713621,0
15592751,0
15727177,1
15644977,0
15728006,0
15718454,0
15688644,0
15686941,0
15603082,0
15801277,0
15656683,0
15591248,1
15813144,0
15676353,0
15617082,0
15748352,0
15626787,0
15601030,0
15780870,1
15660263,0
15662291,0
15667438,1
15642934,0
15767339,0
15666856,0
15693259,0
15730076,0
15596021,0
15675749,0
15779174,0
15573086,1
15692929,0
15800806,0
15569503,0
15614220,0
15578238,0
15785819,0
15756901,0
15737071,0
15635396,0
15620750,0
15809178,0
15609083,0
15614716,0
15615991,0
15705515,0
15805463,0
15691387,0
15630617,0
15813697,0
15694404,0
15643752,0
15706365,0
15799924,0
15739054,0
15765518,1
15776844,0
15642468,0
15686670,1
15719991,0
15596181,0
15626008,1
15642726,0
15631813,0
15594576,0
15793842,0
15732476,0
15666252,1
15591286,0
15717879,0
15640034,1
15724423,0
15632609,0
15801788,0
15668695,0
15728564,0
15667602,0
15705620,1
15611318,0
15660429,1
15643330,1
15687903,0
15638487,1
15703177,0
15661528,1
15813917,0
15743067,0
15815560,0
15602405,0
15585255,0
15633944,0
15585133,0
15712960,0
15620746,0
15626042,0
15719809,0
15608916,0
15750264,0
15618225,0
15673570,0
15652658,0
15569626,0
15677173,0
15736495,0
15804211,0
15613630,0
15734628,0
15603830,0
15680901,0
15684196,1
15803121,0
15797905,0
15735968,0
15676707,0
15760456,0
15574947,0
15747647,0
15593694,0
15613319,1
15745452,1
15611315,0
15686913,0
15736078,1
15717138,0
15716000,1
15611599,1
15666197,1
15664849,1
15801152,0
15800703,0
15641782,0
15679909,0
15643487,0
15723907,0
15797160,1
15734970,0
15648967,0
15780925,0
15813871,0
15720110,0
15692137,0
15592000,0
15633260,0
15674727,0
15619955,0
15617538,0
15658716,0
15595036,0
15746802,0
15585853,1
15615457,0
15629739,0
15574858,0
15574480,0
15759387,0
15797748,0
15804052,0
15815615,0
15807335,0
15755239,0
15698271,0
15577751,0
15663939,0
15740404,0
15627517,0
15591577,0
15809837,0
15695679,1
15602043,0
15710012,0
15660271,0
15797665,0
15650391,0
15758901,0
15622833,0
15722765,0
15687372,0
15706071,0
15706223,0
15590146,0
15591130,0
15600280,0
15632977,0
15675450,1
15654379,0
15685226,0
15619514,0
15697460,1
15639530,0
15638774,1
15617252,0
15581626,0
15672905,1
15717489,0
15728829,0
15779414,0
15688563,0
15766047,0
15719779,0
15636478,0
15574842,0
15804721,0
15569410,0
15597385,0
15704053,0
15636624,1
15675626,0
15609824,0
15728043,0
15665129,0
15603665,0
15624528,0
15777708,0
15706185,0
15732903,0
15681220,0
15709928,0
15741921,0
15644446,0
15707674,0
15647725,0
15677336,0
15640922,0
15733032,0
15722991,1
15754526,0
15723053,0
15651280,0
15617934,1
15785350,0
15680767,1
15765902,0
15651554,0
15653595,1
15678779,0
15689044,0
15744398,0
15577313,0
15660871,0
15796569,0
15815660,0
15582129,0
15741078,0
15671987,0
15638231,0
15614740,0
15775741,1
15593510,1
15566295,0
15734942,0
15701319,0
15756954,0
15687431,0
15693526,0
15775293,0
15695197,1
15608406,0
15796993,1
15674932,0
15631848,1
15704586,0
15791030,0
15579781,0
15802560,1
15738291,0
15603481,0
15649239,0
15675185,0
15726358,0
15792726,0
15773071,0
15606115,1
15750299,0
15569807,0
15735799,0
15805303,0
15786170,0
15701439,0
15783955,0
15643056,0
15674254,0
15762799,0
15732704,0
15748608,0
15800805,0
15770811,1
15801414,1
15629010,0
15792222,1
15679770,0
15800856,0
15758510,0
15751137,0
15749004,0
15566735,0
15574169,0
15704844,1
15645942,0
15649668,0
15713379,0
15637428,0
15588090,0
15788025,1
15659931,0
15725698,0
15674526,0
15761487,0
15751926,0
15636767,1
15634896,0
15640280,0
15709994,0
15605130,0
15580682,0
15597739,1
15668270,0
15578369,0
15764021,0
15738715,0
15804064,0
15598275,1
15662294,0
15722965,0
15757628,0
15746553,0
15573876,0
15805523,0
15625761,0
15781465,0
15765311,1
15741032,0
15615938,0
15792004,0
15648951,0
15672152,0
15752838,1
15751022,0
15565879,0
15729087,0
15791174,0
15791743,0
15685243,0
15767231,0
15750602,0
15801904,0
15746076,1
15690492,0
15633525,0
15811947,1
15797964,0
15713596,0
15632669,0
15569590,0
15700864,0
15732563,1
15583748,0
15702337,0
15756824,0
15660735,1
15738835,0
15762927,0
15775206,0
15593283,1
15660679,0
15648989,1
15722322,0
15724296,0
15581840,0
15645600,0
15722479,0
15685947,0
15658852,0
15648702,0
15784736,0
15746695,1
15785899,0
15698184,0
15672610,0
15757646,0
15787014,0
15681878,0
15613102,0
15768566,1
15678317,0
15622518,0
15802741,0
15778219,0
15722072,0
15589805,0
15622370,0
15701318,1
15583278,0
15570073,0
15673599,0
15758039,1
15754267,1
15792989,0
15775803,0
15724307,1
15665963,0
15651955,0
15573599,0
15620751,0
15774258,0
15703563,0
15583764,0
15569976,0
15656005,0
15630321,0
15592846,0
15638159,0
15577398,0
15773512,0
15755978,0
15608166,0
15752507,0
15801441,0
15667190,0
15680517,1
15625141,0
15749528,0
15697100,1
15711455,1
15683977,1
15671591,0
15725660,0
15600110,0
15815530,1
15806956,0
15772009,0
15746451,0
15669887,0
15733303,1
15586183,0
15682778,0
15576156,0
15568834,0
15716608,0
15574608,0
15671137,1
15665629,0
15805151,0
15621205,0
15712877,1
15653251,0
15666633,0
15607176,0
15704770,1
15681332,0
15706587,0
15699095,0
15763859,0
15641655,0
15567431,0
15723950,0
15671609,0
15769504,1
15760924,0
15756472,0
15676966,0
15671804,0
15783541,0
15774224,0
15604345,0
15707138,1
15693264,0
15659677,0
15739972,0
15771535,0
15570508,0
15673439,0
15636572,0
15649292,1
15765322,0
15780038,0
15709412,0
15654390,0
15630328,0
15589358,0
15762803,0
15615624,1
15753337,0
15799641,0
15638257,1
15694566,0
15632665,0
15606554,0
15787222,0
15716605,1
15724334,0
15717156,0
15715345,0
15762268,0
15690209,0
15626806,0
15624781,0
15569079,0
15770030,0
15761763,0
15628170,0
15609998,1
15706200,0
15778526,0
15640667,0
15789936,1
15693893,0
15603741,0
15621893,0
15692744,0
15683503,1
15789941,0
15581700,0
15662085,0
15735221,0
15624510,0
15694209,0
15752534,0
15734765,1
15632816,0
15791513,0
15738150,0
15590637,0
15780411,1
15747014,1
15711834,0
15647333,1
15688637,0
15761497,0
15623712,0
15587676,0
15626983,1
15772896,1
15695129,0
15678206,1
15809137,0
15666055,0
15667938,0
15713632,0
15640268,0
15716420,1
15770309,0
15803078,0
15747980,0
15611338,1
15610056,0
15700964,0
15713853,0
15753229,0
15671334,0
15718507,0
15603088,0
15769451,0
15567335,0
15699772,0
15792649,1
15682914,1
15638882,0
15591135,0
15628558,0
15568748,0
15804962,0
15775042,0
15737732,1
15608968,0
15642579,0
15631436,0
15631310,0
15698028,0
15809736,0
15600832,0
15706537,0
15770631,0
15789014,0
15574012,0
15589431,0
15711062,0
15577970,1
15762198,1
15710450,0
15755330,0
15759274,0
15757821,0
15702377,0
15654964,0
15766649,0
15640865,0
15752508,0
15702061,0
15790267,1
15668309,0
15796313,1
15598161,0
15723894,0
15623196,0
15612358,0
15760865,0
15774250,1
15720929,0
15656627,0
15787174,0
15699753,0
15700046,0
15644501,0
15707199,0
15568562,0
15740557,0
15627360,0
15667460,0
15669741,0
15803365,0
15694192,0
15710687,0
15709256,0
15583392,1
15725772,0
15674206,0
15623989,1
15609160,0
15598046,1
15788634,1
15648320,0
15732293,0
15589589,0
15780142,0
15702095,0
15731327,0
15593773,0
15651533,0
15655632,0
15655298,0
15698664,0
15688868,0
15676715,1
15777923,0
15738936,0
15635502,0
15760861,0
15588350,0
15695699,0
15810878,1
15690182,0
15751193,0
15626233,0
15711901,1
15667751,0
15723671,0
15733842,0
15767818,1
15711181,0
15591552,0
15755223,0
15657342,0
15742358,0
15640686,0
15770039,0
15737169,0
15575748,0
15580805,0
15656597,0
15671934,1
15731569,0
15791944,0
15770214,0
15674991,1
15786153,1
15725511,0
15779744,0
15680918,0
15709621,0
15630195,0
15776494,0
15743153,0
15738785,0
15589437,0
15713160,0
15600173,0
15583212,0
15721047,0
15608387,1
15740147,0
15734626,0
15633834,0
15701524,1
15583755,0
15706170,0
15786680,0
15670943,1
15758171,0
15592028,0
15761692,0
15793856,0
15610156,0
15704581,0
15739592,0
15762902,0
15593622,1
15759684,0
15574071,0
15639590,0
15727317,0
15665374,0
15607278,0
15575417,1
15687688,0
15628950,0
15631406,0
15571995,0
15588839,0
15565878,0
15802617,1
15764661,0
15614962,0
15658306,0
15772573,0
15738672,0
15583580,0
15716218,0
15632050,0
15622182,0
15801915,0
15806771,0
15729832,0
15637110,0
15584091,1
15639004,0
15772423,1
15772329,0
15684103,0
15717056,0
15758081,0
15636541,0
15761717,0
15677369,0
15726720,0
15771702,0
15583033,0
15697360,1
15763579,0
15737080,0
15662238,0
15599211,0
15716082,0
15774262,0
15657085,1
15601811,1
15613656,0
15606601,0
15642291,1
15689294,0
15628274,0
15672574,0
15755868,0
15576615,0
15811588,0
15723604,0
15761286,1
15701206,0
15771580,0
15804235,0
15758031,0
15764409,0
15686936,0
15612140,0
15647191,0
15688059,0
15687558,0
15798824,1
15592389,0
15758813,0
15567802,0
15765297,0
15588123,1
15643439,0
15815420,0
15707559,0
15576517,0
15658485,0
15781702,0
15652782,0
15691874,0
15591550,0
15688264,1
15677112,0
15685872,0
15709004,0
15590623,0
15574761,0
15762729,0
15784526,0
15669957,0
15577999,0
15787602,0
15797751,0
15630363,0
15575024,0
15687634,1
15632850,0
15592578,0
15623644,1
15575243,0
15698462,0
15637599,0
15627352,0
15657439,0
15800524,0
15664227,0
15702656,0
15785373,0
15721582,1
15781989,1
15613923,0
15720511,0
15693376,0
15706463,1
15573741,0
15765643,0
15752650,1
15615096,1
15642004,0
15651272,0
15677135,0
15757811,0
15666096,0
15715031,1
15674148,0
15715527,1
15808851,0
15644296,1
15743545,0
15593241,0
15586517,0
15740160,0
15812616,0
15660301,0
15759067,0
15709941,0
15770041,0
15661745,0
15702175,0
15606177,0
15631159,0
15693817,0
15592994,0
15630661,0
15622507,0
15769596,0
15802809,0
15765537,0
15720687,0
15599272,0
15690589,0
15632439,0
15698792,0
15566740,0
15656822,0
15605950,0
15591150,0
15576760,0
15785490,0
15812482,1
15686909,1
15602909,0
15690678,0
15705918,0
15569571,0
15671139,0
15750921,1
15643826,0
15693200,0
15776947,0
15787756,0
15666652,0
15808566,0
15813681,0
15802106,0
15807239,0
15788556,0
15685564,1
15652469,0
15772250,0
15716501,0
15762138,0
15631189,0
15702430,0
15730469,0
15776921,0
15704771,0
15644400,0
15726832,0
15762716,0
15740406,0
15737414,0
15696355,0
15644692,1
15775234,0
15804072,0
15782659,0
15801934,0
15748481,1
15774551,0
15632143,0
15807432,0
15565996,0
15781298,0
15773260,0
15689514,1
15665521,0
15572356,0
15812184,1
15572158,0
15733883,0
15783522,0
15724890,0
15745605,0
15570947,1
15795586,0
15612109,0
15694349,0
15800295,0
15615012,0
15694601,0
15789955,0
15585100,0
15595324,0
15625942,0
15809227,0
15653773,1
15713983,0
15654238,0
15773789,0
15777893,0
15686302,1
15623649,0
15611794,0
15660602,1
15624755,1
15621031,1
15624993,1
15777060,0
15695632,0
15637646,1
15579131,0
15617617,1
15616745,0
15578251,0
15764343,0
15643865,1
15812241,0
15794875,0
15688963,0
15732266,1
15795878,0
15753895,0
15624072,0
15788686,1
15662098,0
15706729,1
15600692,0
15661821,0
15686964,0
15589348,1
15794048,1
15591169,0
15791316,0
15692918,0
15586931,1
15585451,0
15710553,0
15634551,1
15643770,0
15776824,0
15754012,0
15764922,0
15579262,0
15599024,1
15567991,0
15704788,0
15646521,0
15668629,0
15657139,0
15700826,0
15758372,0
15691910,0
15759872,0
15667046,1
15734649,1
15806511,0
15731478,0
15712938,0
15753102,0
15588928,0
15571121,0
15692671,0
15611551,0
15631800,0
15694677,0
15706904,0
15571816,0
15702566,0
15672499,0
15782236,0
15699911,1
15791991,0
15737971,0
15652693,0
15781689,0
15722993,0
15646196,0
15714575,1
15719898,0
15700394,0
15571756,0
15588449,1
15695846,0
15589698,1
15620111,0
15626012,0
15633648,0
15579914,0
15692575,1
15793331,0
15704081,1
15689661,0
15609623,0
15748552,0
15676091,0
15581229,0
15781272,0
15572956,0
15724719,0
15737888,0
15619087,0
15601383,0
15795224,0
15764174,0
15580935,0
15619801,0
15657228,0
15722090,0
15783083,0
15616529,0
15644753,0
15663263,0
15698246,0
15745012,0
15815043,0
15729359,0
15626135,0
15783026,0
15802368,0
15657317,0
15568032,0
15703763,0
15769312,0
15680046,0
15614137,1
15744919,1
15663234,0
15658240,0
15576022,0
15788539,0
15679738,0
15739803,0
15787529,1
15659800,0
15796957,0
15770995,1
15763194,1
15675176,0
15750772,0
15571221,0
15814268,0
15709368,0
15750410,0
15660200,1
15570205,0
15597914,0
15748499,0
15645095,0
15641480,1
15649418,0
15660417,0
15706647,0
15587647,1
15743570,0
15752816,0
15624343,0
15668460,0
15659325,1
15768163,0
15665802,0
15774179,0
15624729,0
15726931,0
15659305,0
15734610,0
15736534,0
15790093,0
15661249,1
15682541,0
15654519,0
15596136,1
15650933,0
15801699,0
15628674,1
15812982,0
15635752,0
15670646,0
15636551,0
15790689,0
15657449,0
15740356,1
15684934,0
15709639,0
15596713,0
15747974,0
15796813,0
15656263,0
15699029,0
15751333,0
15704014,1
15619045,0
15735632,0
15689612,1
15657540,0
15785980,0
15764654,0
15708193,0
15691323,0
15672754,1
15650086,0
15626948,1
15730038,0
15582591,0
15724321,1
15726484,0
15691004,0
15775192,1
15624437,0
15742607,0
15624667,0
15641413,0
15631681,0
15594084,0
15724099,0
15596962,1
15583681,1
15641114,0
15604348,0
15776211,1
15714634,0
15678333,1
15587596,0
15803654,0
15790067,1
15655574,0
15645200,0
15621550,0
15773322,0
15766887,0
15681506,0
15791373,0
15802071,1
15591010,0
15724536,1
15673372,0
15749671,0
15723008,0
15744717,0
15710034,1
15721383,0
15686776,0
15605333,0
15678725,0
15744046,0
15676645,1
15715715,0
15779247,0
15718773,0
15728352,0
15576706,0
15674620,1
15780514,0
15667265,0
15782939,0
15769346,0
15808846,0
15704987,1
15792453,1
15772601,0
15810010,0
15633840,0
15642391,0
15699550,1
15603065,0
15693267,0
15602994,0
15722845,0
15647890,0
15668289,0
15627262,0
15748432,0
15777892,0
15638730,0
15776733,0
15645815,1
15613713,0
15756425,0
15710726,0
15782418,1
15600974,0
15800814,0
15772341,0
15694444,1
15730044,0
15732832,0
15813095,0
15804038,0
15696506,0
15762708,0
15608541,1
15581370,0
15601589,0
15615140,0
15669516,0
15633586,0
15718944,0
15611973,0
15569917,1
15586629,0
15679611,0
15773804,0
15633574,0
15684960,0
15773868,0
15676513,0
15580845,0
15713440,0
15779497,1
15788659,0
15738166,0
15596575,0
15736043,0
15782879,0
15633474,0
15800554,1
15631481,0
15803840,0
15800583,1
15709117,0
15795079,0
15670343,0
15724876,0
15663441,0
15580227,0
15739850,0
15609475,0
15627697,1
15814040,0
15725665,0
15815236,0
15793671,1
15812197,0
15630709,0
15729908,0
15569178,1
15705009,0
15807473,0
15778345,1
15704763,0
15697045,0
15649536,0
15697510,0
15742297,1
15595883,0
15614215,1
15764726,1
15607713,0
15686461,0
15677955,0
15631639,0
15641604,1
15755262,0
15776128,0
15698324,0
15753110,0
15709199,0
15714485,0
15660144,1
15686345,0
15662884,0
15751524,0
15690958,0
15734917,0
15791533,1
15712584,1
15578156,0
15636089,0
15684440,0
15654230,0
15641158,1
15793346,1
15708196,0
15664339,0
15614302,0
15669219,0
15785611,0
15771299,0
15780220,1
15627002,0
15771997,0
15639946,0
15606613,0
15750099,0
15775905,1
15703068,1
15592461,1
15724443,0
15694852,0
15596165,0
15783097,0
15795290,0
15701074,0
15647111,0
15614213,0
15785183,1
15656333,0
15623858,0
15610936,0
15765732,0
15707025,1
15583371,0
15693771,1
15770424,1
15734850,1
15591107,1
15810218,0
15778149,0
15641122,1
15757897,0
15693088,0
15693690,0
15605827,1
15677804,0
15717164,0
15614420,0
15721504,0
15671915,1
15692002,0
15724161,0
15608845,1
15752137,0
15651336,0
15756538,1
15783882,0
15691457,0
15655360,0
15753591,0
15588446,0
15632275,0
15658233,1
15766137,0
15763327,1
15731148,0
15719579,0
15651823,1
15597131,1
15781586,0
15722473,1
15806880,0
15805909,0
15789863,1
15708505,1
15587421,0
15645353,0
15599829,0
15814536,0
15627395,1
15727021,0
15793425,0
15785920,1
15602812,0
15765982,0
15733261,0
15755649,0
15718039,0
15572728,0
15584338,0
15718153,0
15704681,0
15685329,0
15713826,0
15584899,1
15726313,0
15749557,1
15663252,0
15624471,1
15596647,1
15681075,0
15573851,0
15807663,0
15706268,0
